alpha_2_code,country_name_en,Language,Query Country,Query Text,,,,,,,,,,,,,,,,,,
AD,Andorra,ca,Andorra,"Política contra la vacunació contra la malaltia contra els bcg -""covid-19""",,,,,,,,,,,,,,,,,,
AE,United Arab Emirates,ar,الإمارات العربية المتحدة,التطعيم ضد السل سلج جميع الأطفال سياسة الضغط,,,,,,,,,,,,,,,,,,
AE,United Arab Emirates,ar,الإمارات العربية المتحدة,لقاح السل BCG,,,,,,,,,,,,,,,,,,
AE,United Arab Emirates,ar,الإمارات العربية المتحدة,برنامج التمنيع الوطني لمجموعة بوسطن الاستشارية,,,,,,,,,,,,,,,,,,
AE,United Arab Emirates,ar,الإمارات العربية المتحدة,تقويم التمنيع قبل الميلاد,,,,,,,,,,,,,,,,,,
AL,Albania,sq,shqiperia,"bcg vaksinimi i tuberkulozit te gjithe femijet politika e tendosjes -""covid 19""",,,,,,,,,,,,,,,,,,
AL,Albania,sq,shqiperia,"bcg vaksinimi tuberkulozit -""covid 19""",,,,,,,,,,,,,,,,,,
AM,Armenia,hy,Հայաստան,"bcg պատվաստումների տուբերկուլյոզով բոլոր երեխաները լարում են քաղաքականությունը. -""covid-19""",,,,,,,,,,,,,,,,,,
AO,Angola,pt,Angola,"bcg vacinação tuberculose todas as crianças esticam a política -""covid-19""",,,,,,,,,,,,,,,,,,
AO,Angola,pt,Angola,"bcg vacinação tuberculose -""covid-19""",,,,,,,,,,,,,,,,,,
AO,Angola,pt,Angola,Programa nacional de imunização do BCG,,,,,,,,,,,,,,,,,,
AO,Angola,pt,Angola,calendário de imunização bcg,,,,,,,,,,,,,,,,,,
AR,Argentina,es,Argentina,"bcg vacunación tuberculosis todos los niños tensión política -""covid-19""",,,,,,,,,,,,,,,,,,
AR,Argentina,es,Argentina,"bcg vacunación tuberculosis -""covid-19""",,,,,,,,,,,,,,,,,,
AR,Argentina,es,Argentina,Programa nacional de vacunación BCG,,,,,,,,,,,,,,,,,,
AR,Argentina,es,Argentina,calendario de vacunación bcg,,,,,,,,,,,,,,,,,,
AT,Austria,de,Österreich,"bcg Stammes  Impfungs tuberkulose alle Kinder -""covid-19""",,,,,,,,,,,,,,,,,,
AT,Austria,de,Österreich,"bcg Impfungs tuberkulose -""covid-19""",,,,,,,,,,,,,,,,,,
AT,Austria,de,Österreich,BCG nationales Impfprogramm,,,,,,,,,,,,,,,,,,
AT,Austria,de,Österreich,Impfkalender bcg,,,,,,,,,,,,,,,,,,
AZ,Azerbaijan,az,Azərbaycan,"bcg peyvənd vərəm bütün uşaqlar gərginləşdirmə siyasəti -""covid-19""",,,,,,,,,,,,,,,,,,
BA,Bosnia and Herzegovina,bs,Bosna i Hercegovina,"bcg cijepljenje tuberkuloza sva djeca napaljuju politiku -""covid-19""",,,,,,,,,,,,,,,,,,
BA,Bosnia and Herzegovina,bs,Bosna i Hercegovina,"bcg tuberkuloza  -""covid-19""",,,,,,,,,,,,,,,,,,
BE,Belgium,nl,België,"bcg vaccinatie tuberculose alle kinderen belast beleid -""covid-19""",,,,,,,,,,,,,,,,,,
BE,Belgium,nl,België,"bcg vaccinatie tuberculose -""covid-19""",,,,,,,,,,,,,,,,,,
BF,Burkina Faso,fr,Burkina Faso,"bcg vaccination tuberculose politique de souche tous les enfants -""covid-19""",,,,,,,,,,,,,,,,,,
BF,Burkina Faso,fr,Burkina Faso,"bcg vaccination tuberculose -""covid-19""",,,,,,,,,,,,,,,,,,
BF,Burkina Faso,fr,Burkina Faso,Programme national de vaccination BCG,,,,,,,,,,,,,,,,,,
BF,Burkina Faso,fr,Burkina Faso,calendrier de vaccination bcg,,,,,,,,,,,,,,,,,,
BG,Bulgaria,bg,Bulgarian,"БЦЖ ваксинация туберкулоза всички деца щам политика -""covid-19""",,,,,,,,,,,,,,,,,,
BG,Bulgaria,bg,Bulgarian,"БЦЖ ваксинация туберкулоза  -""covid-19""",,,,,,,,,,,,,,,,,,
BH,Bahrain,ar,البحرين,التطعيم ضد السل سلج جميع الأطفال سياسة الضغط,,,,,,,,,,,,,,,,,,
BH,Bahrain,ar,البحرين,لقاح السل BCG,,,,,,,,,,,,,,,,,,
BH,Bahrain,ar,البحرين,برنامج التمنيع الوطني لمجموعة بوسطن الاستشارية,,,,,,,,,,,,,,,,,,
BH,Bahrain,ar,البحرين,تقويم التمنيع قبل الميلاد,,,,,,,,,,,,,,,,,,
BI,Burundi,fr,Burundi,"bcg vaccination tuberculose politique de souche tous les enfants -""covid-19""",,,,,,,,,,,,,,,,,,
BI,Burundi,fr,Burundi,"bcg vaccination tuberculose -""covid-19""",,,,,,,,,,,,,,,,,,
BI,Burundi,fr,Burundi,Programme national de vaccination BCG,,,,,,,,,,,,,,,,,,
BI,Burundi,fr,Burundi,calendrier de vaccination bcg,,,,,,,,,,,,,,,,,,
BJ,Benin,fr,Bénin,"bcg vaccination tuberculose politique de souche tous les enfants -""covid-19""",,,,,,,,,,,,,,,,,,
BJ,Benin,fr,Bénin,"bcg vaccination tuberculose -""covid-19""",,,,,,,,,,,,,,,,,,
BJ,Benin,fr,Bénin,Programme national de vaccination BCG,,,,,,,,,,,,,,,,,,
BJ,Benin,fr,Bénin,calendrier de vaccination bcg,,,,,,,,,,,,,,,,,,
BN,Brunei,ms,Negara Brunei,"bcg vaksinasi tuberkulosis semua dasar ketegangan kanak-kanak -""covid-19""",,,,,,,,,,,,,,,,,,
BN,Brunei,ms,Negara Brunei,"bcg vaksinasi tuberkulosis  -""covid-19""",,,,,,,,,,,,,,,,,,
BO,Bolivia,es,Bolivia,"bcg vacunación tuberculosis todos los niños tensión política -""covid-19""",,,,,,,,,,,,,,,,,,
BO,Bolivia,es,Bolivia,"bcg vacunación tuberculosis -""covid-19""",,,,,,,,,,,,,,,,,,
BO,Bolivia,es,Bolivia,Programa nacional de vacunación BCG,,,,,,,,,,,,,,,,,,
BO,Bolivia,es,Bolivia,calendario de vacunación bcg,,,,,,,,,,,,,,,,,,
BR,Brazil,pt,Brasil,"bcg vacinação tuberculose todas as crianças esticam a política -""covid-19""",,,,,,,,,,,,,,,,,,
BR,Brazil,pt,Brasil,"bcg vacinação tuberculose -""covid-19""",,,,,,,,,,,,,,,,,,
BR,Brazil,pt,Brasil,Programa nacional de imunização do BCG,,,,,,,,,,,,,,,,,,
BR,Brazil,pt,Brasil,calendário de imunização bcg,,,,,,,,,,,,,,,,,,
BY,Belarus,ru,Беларусь,"БЦЖ вакцинация против туберкулеза у всех детей -""covid-19""",,,,,,,,,,,,,,,,,,
BY,Belarus,ru,Беларусь,"БЦЖ вакцинация туберкулеза  -""covid-19""",,,,,,,,,,,,,,,,,,
BY,Belarus,ru,Беларусь,Национальная программа иммунизации БЦЖ,,,,,,,,,,,,,,,,,,
BY,Belarus,ru,Беларусь,календарь иммунизации БЦЖ,,,,,,,,,,,,,,,,,,
CD,Democratic Republic of the Congo,fr,République Démocratique du Congo,"bcg vaccination tuberculose politique de souche tous les enfants -""covid-19""",,,,,,,,,,,,,,,,,,
CD,Democratic Republic of the Congo,fr,République Démocratique du Congo,"bcg vaccination tuberculose -""covid-19""",,,,,,,,,,,,,,,,,,
CD,Democratic Republic of the Congo,fr,République Démocratique du Congo,Programme national de vaccination BCG,,,,,,,,,,,,,,,,,,
CD,Democratic Republic of the Congo,fr,République Démocratique du Congo,calendrier de vaccination bcg,,,,,,,,,,,,,,,,,,
CF,Central African Republic,fr,République centrafricaine,"bcg vaccination tuberculose politique de souche tous les enfants -""covid-19""",,,,,,,,,,,,,,,,,,
CF,Central African Republic,fr,République centrafricaine,"bcg vaccination tuberculose -""covid-19""",,,,,,,,,,,,,,,,,,
CF,Central African Republic,fr,République centrafricaine,Programme national de vaccination BCG,,,,,,,,,,,,,,,,,,
CF,Central African Republic,fr,République centrafricaine,calendrier de vaccination bcg,,,,,,,,,,,,,,,,,,
CG,Congo,fr,Congo,"bcg vaccination tuberculose politique de souche tous les enfants -""covid-19""",,,,,,,,,,,,,,,,,,
CG,Congo,fr,Congo,"bcg vaccination tuberculose -""covid-19""",,,,,,,,,,,,,,,,,,
CG,Congo,fr,Congo,Programme national de vaccination BCG,,,,,,,,,,,,,,,,,,
CG,Congo,fr,Congo,calendrier de vaccination bcg,,,,,,,,,,,,,,,,,,
CH,Switzerland,de,Schweiz,"bcg Stammes  Impfungs tuberkulose alle Kinder -""covid-19""",,,,,,,,,,,,,,,,,,
CH,Switzerland,de,Schweiz,"bcg Impfungs tuberkulose -""covid-19""",,,,,,,,,,,,,,,,,,
CH,Switzerland,de,Schweiz,BCG nationales Impfprogramm,,,,,,,,,,,,,,,,,,
CH,Switzerland,de,Schweiz,Impfkalender bcg,,,,,,,,,,,,,,,,,,
CI,The Ivory Coast,fr,Côte d'Ivoire,"bcg vaccination tuberculose politique de souche tous les enfants -""covid-19""",,,,,,,,,,,,,,,,,,
CI,The Ivory Coast,fr,Côte d'Ivoire,"bcg vaccination tuberculose -""covid-19""",,,,,,,,,,,,,,,,,,
CI,The Ivory Coast,fr,Côte d'Ivoire,Programme national de vaccination BCG,,,,,,,,,,,,,,,,,,
CI,The Ivory Coast,fr,Côte d'Ivoire,calendrier de vaccination bcg,,,,,,,,,,,,,,,,,,
CL,Chile,es,Chile,"bcg vacunación tuberculosis todos los niños tensión política -""covid-19""",,,,,,,,,,,,,,,,,,
CL,Chile,es,Chile,"bcg vacunación tuberculosis -""covid-19""",,,,,,,,,,,,,,,,,,
CL,Chile,es,Chile,Programa nacional de vacunación BCG,,,,,,,,,,,,,,,,,,
CL,Chile,es,Chile,calendario de vacunación bcg,,,,,,,,,,,,,,,,,,
CN,China,zh-TW,中國,bcg 疫苗接種結核病所有兒童的應變政策 -“新冠病毒”,,,,,,,,,,,,,,,,,,
CN,China,zh-TW,中國,bcg 疫苗接種結核病所有兒童的應變政策,,,,,,,,,,,,,,,,,,
CO,Colombia,es,Colombia,"bcg vacunación tuberculosis todos los niños tensión política -""covid-19""",,,,,,,,,,,,,,,,,,
CO,Colombia,es,Colombia,"bcg vacunación tuberculosis -""covid-19""",,,,,,,,,,,,,,,,,,
CO,Colombia,es,Colombia,Programa nacional de vacunación BCG,,,,,,,,,,,,,,,,,,
CO,Colombia,es,Colombia,calendario de vacunación bcg,,,,,,,,,,,,,,,,,,
CR,Costa Rica,es,Costa Rica,"bcg vacunación tuberculosis todos los niños tensión política -""covid-19""",,,,,,,,,,,,,,,,,,
CR,Costa Rica,es,Costa Rica,"bcg vacunación tuberculosis -""covid-19""",,,,,,,,,,,,,,,,,,
CR,Costa Rica,es,Costa Rica,Programa nacional de vacunación BCG,,,,,,,,,,,,,,,,,,
CR,Costa Rica,es,Costa Rica,calendario de vacunación bcg,,,,,,,,,,,,,,,,,,
CU,Cuba,es,Cuba,"bcg vacunación tuberculosis todos los niños tensión política -""covid-19""",,,,,,,,,,,,,,,,,,
CU,Cuba,es,Cuba,"bcg vacunación tuberculosis -""covid-19""",,,,,,,,,,,,,,,,,,
CU,Cuba,es,Cuba,Programa nacional de vacunación BCG,,,,,,,,,,,,,,,,,,
CU,Cuba,es,Cuba,calendario de vacunación bcg,,,,,,,,,,,,,,,,,,
CY,Cyprus,el,Κύπρος,"bcg εμβολιασμός φυματίωσης όλα τα παιδιά στέλεχος πολιτική -""covid-19""",,,,,,,,,,,,,,,,,,
CY,Cyprus,el,Κύπρος,"bcg εμβολιασμός φυματίωσης όλα -""covid-19""",,,,,,,,,,,,,,,,,,
CZ,Czechia,cs,Česko,"bcg vakcinační tuberkulóza pro všechny kmeny všech dětí -""covid-19""",,,,,,,,,,,,,,,,,,
CZ,Czechia,cs,Česko,"bcg vakcinační tuberkulóza  -""covid-19""",,,,,,,,,,,,,,,,,,
DE,Germany,de,Deutschland,"bcg Stammes  Impfungs tuberkulose alle Kinder -""covid-19""",,,,,,,,,,,,,,,,,,
DE,Germany,de,Deutschland,"bcg Impfungs tuberkulose -""covid-19""",,,,,,,,,,,,,,,,,,
DE,Germany,de,Deutschland,BCG nationales Impfprogramm,,,,,,,,,,,,,,,,,,
DE,Germany,de,Deutschland,Impfkalender bcg,,,,,,,,,,,,,,,,,,
DJ,Djibouti,fr,Djibouti,"bcg vaccination tuberculose politique de souche tous les enfants -""covid-19""",,,,,,,,,,,,,,,,,,
DJ,Djibouti,fr,Djibouti,"bcg vaccination tuberculose -""covid-19""",,,,,,,,,,,,,,,,,,
DJ,Djibouti,fr,Djibouti,Programme national de vaccination BCG,,,,,,,,,,,,,,,,,,
DJ,Djibouti,fr,Djibouti,calendrier de vaccination bcg,,,,,,,,,,,,,,,,,,
DK,Denmark,da,Danmark,"bcg vaccination tuberkulose alle børns belastningspolitik -""covid-19""",,,,,,,,,,,,,,,,,,
DK,Denmark,da,Danmark,"bcg vaccination tuberkulose -""covid-19""",,,,,,,,,,,,,,,,,,
DO,Dominican Republic,es,República Dominicana,"bcg vacunación tuberculosis todos los niños tensión política -""covid-19""",,,,,,,,,,,,,,,,,,
DO,Dominican Republic,es,República Dominicana,"bcg vacunación tuberculosis -""covid-19""",,,,,,,,,,,,,,,,,,
DO,Dominican Republic,es,República Dominicana,Programa nacional de vacunación BCG,,,,,,,,,,,,,,,,,,
DO,Dominican Republic,es,República Dominicana,calendario de vacunación bcg,,,,,,,,,,,,,,,,,,
DZ,Algeria,ar,الجزائر,التطعيم ضد السل سلج جميع الأطفال سياسة الضغط,,,,,,,,,,,,,,,,,,
DZ,Algeria,ar,الجزائر,لقاح السل BCG,,,,,,,,,,,,,,,,,,
DZ,Algeria,ar,الجزائر,برنامج التمنيع الوطني لمجموعة بوسطن الاستشارية,,,,,,,,,,,,,,,,,,
DZ,Algeria,ar,الجزائر,تقويم التمنيع قبل الميلاد,,,,,,,,,,,,,,,,,,
EC,Ecuador,es,Ecuador,"bcg vacunación tuberculosis todos los niños tensión política -""covid-19""",,,,,,,,,,,,,,,,,,
EC,Ecuador,es,Ecuador,"bcg vacunación tuberculosis -""covid-19""",,,,,,,,,,,,,,,,,,
EC,Ecuador,es,Ecuador,Programa nacional de vacunación BCG,,,,,,,,,,,,,,,,,,
EC,Ecuador,es,Ecuador,calendario de vacunación bcg,,,,,,,,,,,,,,,,,,
EE,Estonia,et,Eesti,"bcg vaktsineerimine tuberkuloos kõigi laste tüvepoliitika -""covid-19""",,,,,,,,,,,,,,,,,,
EE,Estonia,et,Eesti,"bcg vaktsineerimine tuberkuloos  -""covid-19""",,,,,,,,,,,,,,,,,,
EG,Egypt,ar,مصر,التطعيم ضد السل سلج جميع الأطفال سياسة الضغط,,,,,,,,,,,,,,,,,,
EG,Egypt,ar,مصر,لقاح السل BCG,,,,,,,,,,,,,,,,,,
EG,Egypt,ar,مصر,برنامج التمنيع الوطني لمجموعة بوسطن الاستشارية,,,,,,,,,,,,,,,,,,
EG,Egypt,ar,مصر,تقويم التمنيع قبل الميلاد,,,,,,,,,,,,,,,,,,
ER,Eritrea,ar,إريتريا,التطعيم ضد السل سلج جميع الأطفال سياسة الضغط,,,,,,,,,,,,,,,,,,
ER,Eritrea,ar,إريتريا,لقاح السل BCG,,,,,,,,,,,,,,,,,,
ER,Eritrea,ar,إريتريا,برنامج التمنيع الوطني لمجموعة بوسطن الاستشارية,,,,,,,,,,,,,,,,,,
ER,Eritrea,ar,إريتريا,تقويم التمنيع قبل الميلاد,,,,,,,,,,,,,,,,,,
ES,Spain,es,España,"bcg vacunación tuberculosis todos los niños tensión política -""covid-19""",,,,,,,,,,,,,,,,,,
ES,Spain,es,España,"bcg vacunación tuberculosis -""covid-19""",,,,,,,,,,,,,,,,,,
ES,Spain,es,España,Programa nacional de vacunación BCG,,,,,,,,,,,,,,,,,,
ES,Spain,es,España,calendario de vacunación bcg,,,,,,,,,,,,,,,,,,
FI,Finland,fi,Suomi,"bcg-rokotus tuberkuloosi kaikkien lasten kantapolitiikka -""covid-19""",,,,,,,,,,,,,,,,,,
FI,Finland,fi,Suomi,"bcg rokotus tuberkuloosi -""covid-19""",,,,,,,,,,,,,,,,,,
FR,France,fr,France,"bcg vaccination tuberculose politique de souche tous les enfants -""covid-19""",,,,,,,,,,,,,,,,,,
FR,France,fr,France,"bcg vaccination tuberculose -""covid-19""",,,,,,,,,,,,,,,,,,
FR,France,fr,France,Programme national de vaccination BCG,,,,,,,,,,,,,,,,,,
FR,France,fr,France,calendrier de vaccination bcg,,,,,,,,,,,,,,,,,,
GA,Gabon,fr,Gabon,"bcg vaccination tuberculose politique de souche tous les enfants -""covid-19""",,,,,,,,,,,,,,,,,,
GA,Gabon,fr,Gabon,"bcg vaccination tuberculose -""covid-19""",,,,,,,,,,,,,,,,,,
GA,Gabon,fr,Gabon,Programme national de vaccination BCG,,,,,,,,,,,,,,,,,,
GA,Gabon,fr,Gabon,calendrier de vaccination bcg,,,,,,,,,,,,,,,,,,
GE,Georgia,ka,საქართველო,"bcg ვაქცინაცია ტუბერკულოზით, ყველა ბავშვი აძლიერებს პოლიტიკას -""კოვიდ -19""",,,,,,,,,,,,,,,,,,
GE,Georgia,ka,საქართველო,"bcg ვაქცინაცია ტუბერკულოზით, ყველა ბავშვი აძლიერებს პოლიტიკას ",,,,,,,,,,,,,,,,,,
GN,Guinea,fr,Guinée,"bcg vaccination tuberculose politique de souche tous les enfants -""covid-19""",,,,,,,,,,,,,,,,,,
GN,Guinea,fr,Guinée,"bcg vaccination tuberculose -""covid-19""",,,,,,,,,,,,,,,,,,
GN,Guinea,fr,Guinée,Programme national de vaccination BCG,,,,,,,,,,,,,,,,,,
GN,Guinea,fr,Guinée,calendrier de vaccination bcg,,,,,,,,,,,,,,,,,,
GQ,Equatorial Guinea,es,Guinea Ecuatorial,"bcg vacunación tuberculosis todos los niños tensión política -""covid-19""",,,,,,,,,,,,,,,,,,
GQ,Equatorial Guinea,es,Guinea Ecuatorial,"bcg vacunación tuberculosis -""covid-19""",,,,,,,,,,,,,,,,,,
GQ,Equatorial Guinea,es,Guinea Ecuatorial,Programa nacional de vacunación BCG,,,,,,,,,,,,,,,,,,
GQ,Equatorial Guinea,es,Guinea Ecuatorial,calendario de vacunación bcg,,,,,,,,,,,,,,,,,,
GR,Greece,el,Ελλάδα,"bcg εμβολιασμός φυματίωσης όλα τα παιδιά στέλεχος πολιτική -""covid-19""",,,,,,,,,,,,,,,,,,
GT,Guatemala,es,Guatemala,"bcg vacunación tuberculosis todos los niños tensión política -""covid-19""",,,,,,,,,,,,,,,,,,
GT,Guatemala,es,Guatemala,"bcg vacunación tuberculosis -""covid-19""",,,,,,,,,,,,,,,,,,
GT,Guatemala,es,Guatemala,Programa nacional de vacunación BCG,,,,,,,,,,,,,,,,,,
GT,Guatemala,es,Guatemala,calendario de vacunación bcg,,,,,,,,,,,,,,,,,,
GW,Guinea-Bissau,pt,Guiné-Bissau,"bcg vacinação tuberculose todas as crianças esticam a política -""covid-19""",,,,,,,,,,,,,,,,,,
GW,Guinea-Bissau,pt,Guiné-Bissau,"bcg vacinação tuberculose -""covid-19""",,,,,,,,,,,,,,,,,,
GW,Guinea-Bissau,pt,Guiné-Bissau,Programa nacional de imunização do BCG,,,,,,,,,,,,,,,,,,
GW,Guinea-Bissau,pt,Guiné-Bissau,calendário de imunização bcg,,,,,,,,,,,,,,,,,,
HN,Honduras,es,Honduras,"bcg vacunación tuberculosis todos los niños tensión política -""covid-19""",,,,,,,,,,,,,,,,,,
HN,Honduras,es,Honduras,"bcg vacunación tuberculosis -""covid-19""",,,,,,,,,,,,,,,,,,
HN,Honduras,es,Honduras,Programa nacional de vacunación BCG,,,,,,,,,,,,,,,,,,
HN,Honduras,es,Honduras,calendario de vacunación bcg,,,,,,,,,,,,,,,,,,
HR,Croatia,hr,Hrvatska,"bcg cijepljenje tuberkuloza sva djeca napinju politiku -""covid-19""",,,,,,,,,,,,,,,,,,
HR,Croatia,hr,Hrvatska,bcg cijepljenje tuberkuloza,,,,,,,,,,,,,,,,,,
HT,Haiti,fr,Haïti,"bcg vaccination tuberculose politique de souche tous les enfants -""covid-19""",,,,,,,,,,,,,,,,,,
HT,Haiti,fr,Haïti,"bcg vaccination tuberculose -""covid-19""",,,,,,,,,,,,,,,,,,
HT,Haiti,fr,Haïti,Programme national de vaccination BCG,,,,,,,,,,,,,,,,,,
HT,Haiti,fr,Haïti,calendrier de vaccination bcg,,,,,,,,,,,,,,,,,,
HU,Hungary,hu,Magyarország,"bcg oltás tuberkulózis minden gyermek törzspolitikája -""covid-19""",,,,,,,,,,,,,,,,,,
HU,Hungary,hu,Magyarország,"bcg oltás tuberkulózis  -""covid-19""",,,,,,,,,,,,,,,,,,
ID,Indonesia,id,Indonesia,"bcg vaksinasi tuberkulosis semua anak regangan kebijakan -""covid-19""",,,,,,,,,,,,,,,,,,
ID,Indonesia,id,Indonesia,"bcg vaksinasi tuberkulosis  -""covid-19""",,,,,,,,,,,,,,,,,,
IL,Israel,iw,ישראל,חיסון נגד BCG שחפת כל מדיניות זנים לילדים,,,,,,,,,,,,,,,,,,
IN,India,hi,भारत,"बीसीजी टीकाकरण तपेदिक सभी बच्चों को तनाव नीति -""कोविद -19""",,,,,,,,,,,,,,,,,,
IN,India,hi,भारत,बीसीजी टीकाकरण तपेदिक सभी बच्चों को तनाव नीति ,,,,,,,,,,,,,,,,,,
IQ,Iraq,ar,العراق,التطعيم ضد السل سلج جميع الأطفال سياسة الضغط,,,,,,,,,,,,,,,,,,
IQ,Iraq,ar,العراق,لقاح السل BCG,,,,,,,,,,,,,,,,,,
IQ,Iraq,ar,العراق,برنامج التمنيع الوطني لمجموعة بوسطن الاستشارية,,,,,,,,,,,,,,,,,,
IQ,Iraq,ar,العراق,تقويم التمنيع قبل الميلاد,,,,,,,,,,,,,,,,,,
IR,Iran,fa,ایران,سل واکسیناسیون bcg همه کودکان سیاست کرنش,,,,,,,,,,,,,,,,,,
IT,Italy,it,Italia,"vaccinazione bcg tubercolosi politica per tutti i bambini -""covid-19""",,,,,,,,,,,,,,,,,,
IT,Italy,it,Italia,"vaccinazione bcg tubercolosi -""covid-19""",,,,,,,,,,,,,,,,,,
JO,Jordan,ar,الأردن,التطعيم ضد السل سلج جميع الأطفال سياسة الضغط,,,,,,,,,,,,,,,,,,
JO,Jordan,ar,الأردن,لقاح السل BCG,,,,,,,,,,,,,,,,,,
JO,Jordan,ar,الأردن,برنامج التمنيع الوطني لمجموعة بوسطن الاستشارية,,,,,,,,,,,,,,,,,,
JO,Jordan,ar,الأردن,تقويم التمنيع قبل الميلاد,,,,,,,,,,,,,,,,,,
JP,Japan,ja,日本,BCG ワクチン接種結核すべての子供の緊張政策 ,,,,,,,,,,,,,,,,,,
KG,Kyrgyzstan,ru,Киргизия,"БЦЖ вакцинация против туберкулеза у всех детей -""covid-19""",,,,,,,,,,,,,,,,,,
KG,Kyrgyzstan,ru,Киргизия,"БЦЖ вакцинация туберкулеза  -""covid-19""",,,,,,,,,,,,,,,,,,
KG,Kyrgyzstan,ru,Киргизия,Национальная программа иммунизации БЦЖ,,,,,,,,,,,,,,,,,,
KG,Kyrgyzstan,ru,Киргизия,календарь иммунизации БЦЖ,,,,,,,,,,,,,,,,,,
KH,Cambodia,km,ប្រទេសកម្ពុជា,"គោលនយោបាយរបេងចាក់វ៉ាក់សាំងប៊ីស៊ីហ្គ័រគោលនយោបាយរបស់កុមារទាំងអស់ -""covid-19""",,,,,,,,,,,,,,,,,,
KH,Cambodia,km,ប្រទេសកម្ពុជា,គោលនយោបាយរបេងចាក់វ៉ាក់សាំងប៊ីស៊ីហ្គ័រគោលនយោបាយរបស់កុមារទាំងអស់ ,,,,,,,,,,,,,,,,,,
KM,Comoros,fr,Comores,"bcg vaccination tuberculose politique de souche tous les enfants -""covid-19""",,,,,,,,,,,,,,,,,,
KM,Comoros,fr,Comores,"bcg vaccination tuberculose -""covid-19""",,,,,,,,,,,,,,,,,,
KM,Comoros,fr,Comores,Programme national de vaccination BCG,,,,,,,,,,,,,,,,,,
KM,Comoros,fr,Comores,calendrier de vaccination bcg,,,,,,,,,,,,,,,,,,
KP,North Korea,ko,조선 민주주의 인민 공화국,"bcg 예방 접종 결핵 모든 어린이 균주 정책 -""covid-19""",,,,,,,,,,,,,,,,,,
KP,North Korea,ko,조선 민주주의 인민 공화국,예방 접종 결핵 모든 어린이 균주 정책 ,,,,,,,,,,,,,,,,,,
KR,South Korea,ko,대한민국,"bcg 예방 접종 결핵 모든 어린이 균주 정책 -""covid-19""",,,,,,,,,,,,,,,,,,
KR,South Korea,ko,대한민국,예방 접종 결핵 모든 어린이 균주 정책 ,,,,,,,,,,,,,,,,,,
KW,Kuwait,ar,الكويت,التطعيم ضد السل سلج جميع الأطفال سياسة الضغط,,,,,,,,,,,,,,,,,,
KW,Kuwait,ar,الكويت,لقاح السل BCG,,,,,,,,,,,,,,,,,,
KW,Kuwait,ar,الكويت,برنامج التمنيع الوطني لمجموعة بوسطن الاستشارية,,,,,,,,,,,,,,,,,,
KW,Kuwait,ar,الكويت,تقويم التمنيع قبل الميلاد,,,,,,,,,,,,,,,,,,
KZ,Kazakhstan,ru,Казахстан,"БЦЖ вакцинация против туберкулеза у всех детей -""covid-19""",,,,,,,,,,,,,,,,,,
KZ,Kazakhstan,ru,Казахстан,"БЦЖ вакцинация туберкулеза  -""covid-19""",,,,,,,,,,,,,,,,,,
KZ,Kazakhstan,ru,Казахстан,Национальная программа иммунизации БЦЖ,,,,,,,,,,,,,,,,,,
KZ,Kazakhstan,ru,Казахстан,календарь иммунизации БЦЖ,,,,,,,,,,,,,,,,,,
LB,Lebanon,ar,لبنان,التطعيم ضد السل سلج جميع الأطفال سياسة الضغط,,,,,,,,,,,,,,,,,,
LB,Lebanon,ar,لبنان,لقاح السل BCG,,,,,,,,,,,,,,,,,,
LB,Lebanon,ar,لبنان,برنامج التمنيع الوطني لمجموعة بوسطن الاستشارية,,,,,,,,,,,,,,,,,,
LB,Lebanon,ar,لبنان,تقويم التمنيع قبل الميلاد,,,,,,,,,,,,,,,,,,
LI,Liechtenstein,de,Liechtenstein,"bcg Stammes  Impfungs tuberkulose alle Kinder -""covid-19""",,,,,,,,,,,,,,,,,,
LI,Liechtenstein,de,Liechtenstein,"bcg Impfungs tuberkulose -""covid-19""",,,,,,,,,,,,,,,,,,
LI,Liechtenstein,de,Liechtenstein,BCG nationales Impfprogramm,,,,,,,,,,,,,,,,,,
LI,Liechtenstein,de,Liechtenstein,Impfkalender bcg,,,,,,,,,,,,,,,,,,
LK,Sri Lanka,si,ශ්රී ලංකාව,bcg එන්නත ක්ෂය රෝගය සියලුම දරුවන්ගේ වික්‍රියා ප්‍රතිපත්තිය,,,,,,,,,,,,,,,,,,
LT,Lithuania,lt,Lietuva,"bcg vakcinacija nuo tuberkuliozės visų vaikų kamienų politika -""covid-19""",,,,,,,,,,,,,,,,,,
LT,Lithuania,lt,Lietuva,"bcg vakcinacija nuo tuberkuliozės  -""covid-19""",,,,,,,,,,,,,,,,,,
LU,Luxembourg,fr,Luxembourg,"bcg vaccination tuberculose politique de souche tous les enfants -""covid-19""",,,,,,,,,,,,,,,,,,
LU,Luxembourg,fr,Luxembourg,"bcg vaccination tuberculose -""covid-19""",,,,,,,,,,,,,,,,,,
LU,Luxembourg,fr,Luxembourg,Programme national de vaccination BCG,,,,,,,,,,,,,,,,,,
LU,Luxembourg,fr,Luxembourg,calendrier de vaccination bcg,,,,,,,,,,,,,,,,,,
LV,Latvia,lv,Latvija,"bcg vakcinācija pret tuberkulozi visiem bērniem celma politika -""covid-19""",,,,,,,,,,,,,,,,,,
LV,Latvia,lv,Latvija,"bcg vakcinācija pret tuberkulozi  -""covid-19""",,,,,,,,,,,,,,,,,,
LY,Libya,ar,ليبيا,التطعيم ضد السل سلج جميع الأطفال سياسة الضغط,,,,,,,,,,,,,,,,,,
LY,Libya,ar,ليبيا,لقاح السل BCG,,,,,,,,,,,,,,,,,,
LY,Libya,ar,ليبيا,برنامج التمنيع الوطني لمجموعة بوسطن الاستشارية,,,,,,,,,,,,,,,,,,
LY,Libya,ar,ليبيا,تقويم التمنيع قبل الميلاد,,,,,,,,,,,,,,,,,,
MA,Morocco,ar,المغرب,التطعيم ضد السل سلج جميع الأطفال سياسة الضغط,,,,,,,,,,,,,,,,,,
MA,Morocco,ar,المغرب,لقاح السل BCG,,,,,,,,,,,,,,,,,,
MA,Morocco,ar,المغرب,برنامج التمنيع الوطني لمجموعة بوسطن الاستشارية,,,,,,,,,,,,,,,,,,
MA,Morocco,ar,المغرب,تقويم التمنيع قبل الميلاد,,,,,,,,,,,,,,,,,,
MC,Monaco,fr,Monaco,"bcg vaccination tuberculose politique de souche tous les enfants -""covid-19""",,,,,,,,,,,,,,,,,,
MC,Monaco,fr,Monaco,"bcg vaccination tuberculose -""covid-19""",,,,,,,,,,,,,,,,,,
MC,Monaco,fr,Monaco,Programme national de vaccination BCG,,,,,,,,,,,,,,,,,,
MC,Monaco,fr,Monaco,calendrier de vaccination bcg,,,,,,,,,,,,,,,,,,
MD,Moldova,ru,Молдова,"вакцинация против туберкулеза у всех детей -""covid-19""",,,,,,,,,,,,,,,,,,
MD,Moldova,ru,Молдова,"БЦЖ вакцинация против туберкулеза  -""covid-19""",,,,,,,,,,,,,,,,,,
ME,Montenegro,sr,Монтенегро,"бцг вакцинација против туберкулозе сва деца напињу политику - ""covid-19""",,,,,,,,,,,,,,,,,,
ME,Montenegro,sr,Монтенегро,"бцг вакцинација туберкулозе - ""covid-19""",,,,,,,,,,,,,,,,,,
MG,Madagascar,fr,Madagascar,"bcg vaccination tuberculose politique de souche tous les enfants -""covid-19""",,,,,,,,,,,,,,,,,,
MG,Madagascar,fr,Madagascar,"bcg vaccination tuberculose -""covid-19""",,,,,,,,,,,,,,,,,,
MG,Madagascar,fr,Madagascar,Programme national de vaccination BCG,,,,,,,,,,,,,,,,,,
MG,Madagascar,fr,Madagascar,calendrier de vaccination bcg,,,,,,,,,,,,,,,,,,
MK,North Macedonia,mk,Северна Македонија,"bcg вакцинирање туберкулоза сите деца ја водат политиката -""COVID-19""",,,,,,,,,,,,,,,,,,
MK,North Macedonia,mk,Северна Македонија,"bcg вакцинирање туберкулоза -""COVID-19""",,,,,,,,,,,,,,,,,,
ML,Mali,fr,Mali,"bcg vaccination tuberculose politique de souche tous les enfants -""covid-19""",,,,,,,,,,,,,,,,,,
ML,Mali,fr,Mali,"bcg vaccination tuberculose -""covid-19""",,,,,,,,,,,,,,,,,,
ML,Mali,fr,Mali,Programme national de vaccination BCG,,,,,,,,,,,,,,,,,,
ML,Mali,fr,Mali,calendrier de vaccination bcg,,,,,,,,,,,,,,,,,,
MN,Mongolia,mn,Монгол,"bcg вакцинжуулалтын сүрьеэ бүх хүүхдүүдийн омогтой бодлого -""covid-19""",,,,,,,,,,,,,,,,,,
MN,Mongolia,mn,Монгол,"bcg вакцинжуулалтын сүрьеэ  -""covid-19""",,,,,,,,,,,,,,,,,,
MW,Malawi,ny,Malawi,"Bcg katemera wa chifuwa chachikulu cha ana onse ovuta -""covid-19""",,,,,,,,,,,,,,,,,,
MW,Malawi,ny,Malawi,"Bcg katemera wa chifuwa  -""covid-19""",,,,,,,,,,,,,,,,,,
MY,Malaysia,ml,മലേഷ്യ,bcg വാക്സിനേഷൻ ക്ഷയം എല്ലാ കുട്ടികൾക്കും ബുദ്ധിമുട്ടുള്ള നയം ,,,,,,,,,,,,,,,,,,
MY,Malaysia,ml,മലേഷ്യ,വാക്സിനേഷൻ ക്ഷയം എല്ലാ കുട്ടികൾക്കും ബുദ്ധിമുട്ടുള്ള നയം ,,,,,,,,,,,,,,,,,,
MZ,Mozambique,pt,Moçambique,"bcg vacinação tuberculose todas as crianças esticam a política -""covid-19""",,,,,,,,,,,,,,,,,,
MZ,Mozambique,pt,Moçambique,"bcg vacinação tuberculose -""covid-19""",,,,,,,,,,,,,,,,,,
MZ,Mozambique,pt,Moçambique,Programa nacional de imunização do BCG,,,,,,,,,,,,,,,,,,
MZ,Mozambique,pt,Moçambique,calendário de imunização bcg,,,,,,,,,,,,,,,,,,
NE,Niger,fr,Niger,"bcg vaccination tuberculose politique de souche tous les enfants -""covid-19""",,,,,,,,,,,,,,,,,,
NE,Niger,fr,Niger,"bcg vaccination tuberculose -""covid-19""",,,,,,,,,,,,,,,,,,
NE,Niger,fr,Niger,Programme national de vaccination BCG,,,,,,,,,,,,,,,,,,
NE,Niger,fr,Niger,calendrier de vaccination bcg,,,,,,,,,,,,,,,,,,
NI,Nicaragua,es,Nicaragua,"bcg vacunación tuberculosis todos los niños tensión política -""covid-19""",,,,,,,,,,,,,,,,,,
NI,Nicaragua,es,Nicaragua,"bcg vacunación tuberculosis -""covid-19""",,,,,,,,,,,,,,,,,,
NI,Nicaragua,es,Nicaragua,Programa nacional de vacunación BCG,,,,,,,,,,,,,,,,,,
NI,Nicaragua,es,Nicaragua,calendario de vacunación bcg,,,,,,,,,,,,,,,,,,
NL,Netherlands,nl,Nederland,"bcg vaccinatie tuberculose alle kinderen belast beleid -""covid-19""",,,,,,,,,,,,,,,,,,
NL,Netherlands,nl,Nederland,"bcg vaccinatie tuberculose  -""covid-19""",,,,,,,,,,,,,,,,,,
NO,Norway,no,Norge,"bcg vaksinering tuberkulose alle barn belastningspolitikk -""covid-19""",,,,,,,,,,,,,,,,,,
NO,Norway,no,Norge,"bcg vaksinering tuberkulose -""covid-19""",,,,,,,,,,,,,,,,,,
NP,Nepal,ne,नेपाल,bcg खोप क्षयरोग सबै बच्चाहरु तनाव नीति,,,,,,,,,,,,,,,,,,
NP,Nepal,ne,नेपाल,खोप क्षयरोग सबै बच्चाहरु तनाव नीति,,,,,,,,,,,,,,,,,,
OM,Oman,ar,سلطنة عمان,التطعيم ضد السل سلج جميع الأطفال سياسة الضغط,,,,,,,,,,,,,,,,,,
OM,Oman,ar,سلطنة عمان,لقاح السل BCG,,,,,,,,,,,,,,,,,,
OM,Oman,ar,سلطنة عمان,برنامج التمنيع الوطني لمجموعة بوسطن الاستشارية,,,,,,,,,,,,,,,,,,
OM,Oman,ar,سلطنة عمان,تقويم التمنيع قبل الميلاد,,,,,,,,,,,,,,,,,,
PA,Panama,es,Panamá,"bcg vacunación tuberculosis todos los niños tensión política -""covid-19""",,,,,,,,,,,,,,,,,,
PA,Panama,es,Panamá,"bcg vacunación tuberculosis -""covid-19""",,,,,,,,,,,,,,,,,,
PA,Panama,es,Panamá,Programa nacional de vacunación BCG,,,,,,,,,,,,,,,,,,
PA,Panama,es,Panamá,calendario de vacunación bcg,,,,,,,,,,,,,,,,,,
PE,Peru,es,Perú,"bcg vacunación tuberculosis todos los niños tensión política -""covid-19""",,,,,,,,,,,,,,,,,,
PE,Peru,es,Perú,"bcg vacunación tuberculosis -""covid-19""",,,,,,,,,,,,,,,,,,
PE,Peru,es,Perú,Programa nacional de vacunación BCG,,,,,,,,,,,,,,,,,,
PE,Peru,es,Perú,calendario de vacunación bcg,,,,,,,,,,,,,,,,,,
PK,Pakistan,ur,پاکستان,بی سی جی ویکسینیشن تپ دق سبھی بچوں کی پالیسی پر دباؤ ڈالتے ہیں ,,,,,,,,,,,,,,,,,,
PL,Poland,pl,Polska,"bcg szczepienie gruźlica polityka szczepów wszystkich dzieci -""covid-19""",,,,,,,,,,,,,,,,,,
PL,Poland,pl,Polska,"bcg szczepienie gruźlica -""covid-19""",,,,,,,,,,,,,,,,,,
PT,Portugal,pt,Portugal,"bcg vacinação tuberculose todas as crianças esticam a política -""covid-19""",,,,,,,,,,,,,,,,,,
PT,Portugal,pt,Portugal,"bcg vacinação tuberculose -""covid-19""",,,,,,,,,,,,,,,,,,
PT,Portugal,pt,Portugal,Programa nacional de imunização do BCG,,,,,,,,,,,,,,,,,,
PT,Portugal,pt,Portugal,calendário de imunização bcg,,,,,,,,,,,,,,,,,,
PY,Paraguay,es,Paraguay,"bcg vacunación tuberculosis todos los niños tensión política -""covid-19""",,,,,,,,,,,,,,,,,,
PY,Paraguay,es,Paraguay,"bcg vacunación tuberculosis -""covid-19""",,,,,,,,,,,,,,,,,,
PY,Paraguay,es,Paraguay,Programa nacional de vacunación BCG,,,,,,,,,,,,,,,,,,
PY,Paraguay,es,Paraguay,calendario de vacunación bcg,,,,,,,,,,,,,,,,,,
QA,Qatar,ar,دولة قطر,التطعيم ضد السل سلج جميع الأطفال سياسة الضغط,,,,,,,,,,,,,,,,,,
QA,Qatar,ar,دولة قطر,لقاح السل BCG,,,,,,,,,,,,,,,,,,
QA,Qatar,ar,دولة قطر,برنامج التمنيع الوطني لمجموعة بوسطن الاستشارية,,,,,,,,,,,,,,,,,,
QA,Qatar,ar,دولة قطر,تقويم التمنيع قبل الميلاد,,,,,,,,,,,,,,,,,,
RO,Romania,ro,România,"Politica de vaccinare împotriva bcg împotriva tuberculozei tuturor copiilor -""covid-19""",,,,,,,,,,,,,,,,,,
RO,Romania,ro,România,"Politica de vaccinare bcg  tuberculozei -""covid-19""",,,,,,,,,,,,,,,,,,
RS,Serbia,sr,Србија,"бцг вакцинација против туберкулозе сва деца напињу политику -""covid-19""",,,,,,,,,,,,,,,,,,
RS,Serbia,sr,Србија,"бцг вакцинација туберкулозе  -""covid-19""",,,,,,,,,,,,,,,,,,
RU,Russia,ru,Россия,"БЦЖ вакцинация против туберкулеза у всех детей -""covid-19""",,,,,,,,,,,,,,,,,,
RU,Russia,ru,Россия,"БЦЖ вакцинация туберкулеза  -""covid-19""",,,,,,,,,,,,,,,,,,
RU,Russia,ru,Россия,Национальная программа иммунизации БЦЖ,,,,,,,,,,,,,,,,,,
RU,Russia,ru,Россия,календарь иммунизации БЦЖ,,,,,,,,,,,,,,,,,,
SA,Saudi Arabia,ar,المملكة العربية السعودية,التطعيم ضد السل سلج جميع الأطفال سياسة الضغط,,,,,,,,,,,,,,,,,,
SA,Saudi Arabia,ar,المملكة العربية السعودية,لقاح السل BCG,,,,,,,,,,,,,,,,,,
SA,Saudi Arabia,ar,المملكة العربية السعودية,برنامج التمنيع الوطني لمجموعة بوسطن الاستشارية,,,,,,,,,,,,,,,,,,
SA,Saudi Arabia,ar,المملكة العربية السعودية,تقويم التمنيع قبل الميلاد,,,,,,,,,,,,,,,,,,
SB,Solomon Islands,so,Solomon Islands,"talaalka cudurka qaaxada ee bcg caruurta oo dhami siyaasad ayey leeyihiin -""covid-19""",,,,,,,,,,,,,,,,,,
SB,Solomon Islands,so,Solomon Islands,"talaalka cudurka qaaxada ee bcg caruurta -""covid-19""",,,,,,,,,,,,,,,,,,
SD,Sudan,ar,السودان,التطعيم ضد السل سلج جميع الأطفال سياسة الضغط,,,,,,,,,,,,,,,,,,
SD,Sudan,ar,السودان,لقاح السل BCG,,,,,,,,,,,,,,,,,,
SD,Sudan,ar,السودان,برنامج التمنيع الوطني لمجموعة بوسطن الاستشارية,,,,,,,,,,,,,,,,,,
SD,Sudan,ar,السودان,تقويم التمنيع قبل الميلاد,,,,,,,,,,,,,,,,,,
SE,Sweden,sv,Sverige,"bcg vaccination tuberkulos alla barn stam-politik -""covid-19""",,,,,,,,,,,,,,,,,,
SE,Sweden,sv,Sverige,"bcg vaccination tuberkulos -""covid-19""",,,,,,,,,,,,,,,,,,
SK,Slovakia,sl,Slovaška,"bcg cepljenje tuberkuloze vsi otroci napnejo politiko -""covid-19""",,,,,,,,,,,,,,,,,,
SK,Slovakia,sl,Slovaška,"bcg cepljenje tuberkuloze -""covid-19""",,,,,,,,,,,,,,,,,,
SM,San Marino,it,San Marino,"vaccinazione bcg tubercolosi politica per tutti i bambini -""covid-19""",,,,,,,,,,,,,,,,,,
SM,San Marino,it,San Marino,"vaccinazione bcg tubercolosi -""covid-19""",,,,,,,,,,,,,,,,,,
SN,Senegal,fr,Sénégal,"bcg vaccination tuberculose politique de souche tous les enfants -""covid-19""",,,,,,,,,,,,,,,,,,
SN,Senegal,fr,Sénégal,"bcg vaccination tuberculose -""covid-19""",,,,,,,,,,,,,,,,,,
SN,Senegal,fr,Sénégal,Programme national de vaccination BCG,,,,,,,,,,,,,,,,,,
SN,Senegal,fr,Sénégal,calendrier de vaccination bcg,,,,,,,,,,,,,,,,,,
SR,Suriname,nl,Suriname,"bcg vaccinatie tuberculose alle kinderen belast beleid -""covid-19""",,,,,,,,,,,,,,,,,,
SR,Suriname,nl,Suriname,"bcg vaccinatie tuberculose -""covid-19""",,,,,,,,,,,,,,,,,,
SV,El Salvador,es,El Salvador,"bcg vacunación tuberculosis todos los niños tensión política -""covid-19""",,,,,,,,,,,,,,,,,,
SV,El Salvador,es,El Salvador,"bcg vacunación tuberculosis -""covid-19""",,,,,,,,,,,,,,,,,,
SV,El Salvador,es,El Salvador,Programa nacional de vacunación BCG,,,,,,,,,,,,,,,,,,
SV,El Salvador,es,El Salvador,calendario de vacunación bcg,,,,,,,,,,,,,,,,,,
SX,Sint Maarten,sk,Sint Maarten (holandská časť),"bcg vakcinačná tuberkulóza pre všetky kmene všetkých detí -""covid-19""",,,,,,,,,,,,,,,,,,
SX,Sint Maarten,sk,Sint Maarten (holandská časť),"bcg vakcinačná tuberkulóza  -""covid-19""",,,,,,,,,,,,,,,,,,
SY,Syria,ar,سوريا,التطعيم ضد السل سلج جميع الأطفال سياسة الضغط,,,,,,,,,,,,,,,,,,
SY,Syria,ar,سوريا,لقاح السل BCG,,,,,,,,,,,,,,,,,,
SY,Syria,ar,سوريا,برنامج التمنيع الوطني لمجموعة بوسطن الاستشارية,,,,,,,,,,,,,,,,,,
SY,Syria,ar,سوريا,تقويم التمنيع قبل الميلاد,,,,,,,,,,,,,,,,,,
TD,Chad,fr,Tchad,"bcg vaccination tuberculose politique de souche tous les enfants -""covid-19""",,,,,,,,,,,,,,,,,,
TD,Chad,fr,Tchad,"bcg vaccination tuberculose -""covid-19""",,,,,,,,,,,,,,,,,,
TD,Chad,fr,Tchad,Programme national de vaccination BCG,,,,,,,,,,,,,,,,,,
TD,Chad,fr,Tchad,calendrier de vaccination bcg,,,,,,,,,,,,,,,,,,
TG,Togo,fr,Aller,"bcg vaccination tuberculose politique de souche tous les enfants -""covid-19""",,,,,,,,,,,,,,,,,,
TG,Togo,fr,Aller,"bcg vaccination tuberculose -""covid-19""",,,,,,,,,,,,,,,,,,
TG,Togo,fr,Aller,Programme national de vaccination BCG,,,,,,,,,,,,,,,,,,
TG,Togo,fr,Aller,calendrier de vaccination bcg,,,,,,,,,,,,,,,,,,
TH,Thailand,th,ประเทศไทย,วัณโรคการฉีดวัคซีน bcg เด็กทุกคนมีความเครียดนโยบาย,,,,,,,,,,,,,,,,,,
TH,Thailand,th,ประเทศไทย,"วัณโรคการฉีดวัคซีน bcg เด็กทุกคนมีความเครียดนโยบาย -""covid-19""",,,,,,,,,,,,,,,,,,
TJ,Tajikistan,tg,Точикистон,"bcg ваксинатсияи сил ҳамаи кӯдакон сиёсати шиддатёбанда -""covid-19""",,,,,,,,,,,,,,,,,,
TJ,Tajikistan,tg,Точикистон,"bcg ваксинатсияи сил -""covid-19""",,,,,,,,,,,,,,,,,,
TM,Turkmenistan,tk,Türkmenistan,"bcg sanjym inçekeseli, ähli çagalaryň dartyş syýasaty -""covid-19""",,,,,,,,,,,,,,,,,,
TM,Turkmenistan,tk,Türkmenistan,"bcg sanjym inçekeseli, ähli çagalaryň -""covid-19""",,,,,,,,,,,,,,,,,,
TN,Tunisia,ar,تونس,التطعيم ضد السل سلج جميع الأطفال سياسة الضغط,,,,,,,,,,,,,,,,,,
TN,Tunisia,ar,تونس,لقاح السل BCG,,,,,,,,,,,,,,,,,,
TN,Tunisia,ar,تونس,برنامج التمنيع الوطني لمجموعة بوسطن الاستشارية,,,,,,,,,,,,,,,,,,
TN,Tunisia,ar,تونس,تقويم التمنيع قبل الميلاد,,,,,,,,,,,,,,,,,,
TR,Turkey,tr,Türkiye,"bcg aşı tüberkülozu tüm çocuklar zorlanma politikası -""covid-19""",,,,,,,,,,,,,,,,,,
TR,Turkey,tr,Türkiye,"bcg aşı tüberkülozu -""covid-19""",,,,,,,,,,,,,,,,,,
TW,Taiwan,zh-TW,台灣,bcg 疫苗接種結核病所有兒童的應變政策,,,,,,,,,,,,,,,,,,
TW,Taiwan,zh-TW,台灣,疫苗接種結核病所有兒童的應變政策,,,,,,,,,,,,,,,,,,
UA,Ukraine,uk,Україна,"bcg вакцинація проти туберкульозу всіх дітей напружує політику -""covid-19""",,,,,,,,,,,,,,,,,,
UA,Ukraine,uk,Україна,"bcg вакцинація туберкульозу -""covid-19""",,,,,,,,,,,,,,,,,,
UY,Uruguay,es,Uruguay,"bcg vacunación tuberculosis todos los niños tensión política -""covid-19""",,,,,,,,,,,,,,,,,,
UY,Uruguay,es,Uruguay,"bcg vacunación tuberculosis -""covid-19""",,,,,,,,,,,,,,,,,,
UY,Uruguay,es,Uruguay,Programa nacional de vacunación BCG,,,,,,,,,,,,,,,,,,
UY,Uruguay,es,Uruguay,calendario de vacunación bcg,,,,,,,,,,,,,,,,,,
UZ,Uzbekistan,uz,O'zbekiston,bcg emlash tuberkulyozi barcha bolalarga qarshi kurash siyosati,,,,,,,,,,,,,,,,,,
UZ,Uzbekistan,uz,O'zbekiston,"bcg emlash tuberkulyozi -""covid-19""",,,,,,,,,,,,,,,,,,
VE,Venezuela,es,Venezuela,"bcg vacunación tuberculosis todos los niños tensión política -""covid-19""",,,,,,,,,,,,,,,,,,
VE,Venezuela,es,Venezuela,"bcg vacunación tuberculosis -""covid-19""",,,,,,,,,,,,,,,,,,
VE,Venezuela,es,Venezuela,Programa nacional de vacunación BCG,,,,,,,,,,,,,,,,,,
VE,Venezuela,es,Venezuela,calendario de vacunación bcg,,,,,,,,,,,,,,,,,,
VN,Vietnam,vi,Việt Nam,"Bcg tiêm phòng bệnh lao cho tất cả các chính sách chủng của trẻ em -""covid-19""",,,,,,,,,,,,,,,,,,
VN,Vietnam,vi,Việt Nam,"Bcg tiêm phòng bệnh lao cho tất cả  -""covid-19""",,,,,,,,,,,,,,,,,,
YE,Yemen,ar,اليمن,التطعيم ضد السل سلج جميع الأطفال سياسة الضغط,,,,,,,,,,,,,,,,,,
YE,Yemen,ar,اليمن,لقاح السل BCG,,,,,,,,,,,,,,,,,,
YE,Yemen,ar,اليمن,برنامج التمنيع الوطني لمجموعة بوسطن الاستشارية,,,,,,,,,,,,,,,,,,
YE,Yemen,ar,اليمن,تقويم التمنيع قبل الميلاد,,,,,,,,,,,,,,,,,,
